Precision@k,NumFactors,Regularization,Alpha
0.08423019929532839,10,100.0,1
0.04522891964327542,10,100.0,10
0.08423019929532839,20,100.0,1
0.05492357839039991,20,100.0,10
